method,robustness_ratio
e5,0.20721296679327592
fasttext_pretrained,0.2649619473481596
glove_pretrained,0.32257123350819555
instructor,0.23313253012048196
mpnet,0.2865613437857103
sbert,0.3127132251983896
sroberta,0.3315829501981602
w2v_pretrained,0.2742917349566846
w2v_self,0.1584823797116144
