method,robustness_ratio
e5,1.1118971061093246
fasttext_pretrained,0.7353686496922892
glove_pretrained,1.0764800388008124
instructor,1.5646766169154227
logistic_regression,0.7713001179245282
mpnet,1.3568916716699546
sbert,0.22283380681818182
sroberta,0.1929018355531324
w2v_pretrained,1.3673314050844876
w2v_self,1.300851017202966
