embedding,k,difference
e5,2,-0.02510000000000001
fasttext_pretrained,2,0.051999999999999935
glove_pretrained,2,-0.00040000000000006697
instructor,2,-0.009599999999999942
mpnet,2,-0.015199999999999991
sbert,2,-0.019199999999999995
sroberta,2,0.0038000000000000256
w2v_pretrained,2,0.01849999999999996
w2v_self,2,0.021399999999999975
