embedding,k,difference
e5,2,-0.02510000000000001
fasttext_pretrained,2,0.01419999999999999
glove_pretrained,2,-0.07150000000000001
instructor,2,-0.009599999999999942
mpnet,2,-0.015199999999999991
sbert,2,-0.0040000000000000036
sroberta,2,0.0038000000000000256
w2v_pretrained,2,0.04810000000000003
w2v_self,2,-0.0023999999999999577
